NameFrom,NameTo
Ty Hilton,T.Y. Hilton
Timothy Wright,Tim Wright
Christopher Ivory,Chris Ivory
Domanique Davis,Dominique Davis
Ben Watson,Benjamin Watson
Stevie Johnson,Steve Johnson
Lesean McCoy,LeSean McCoy
Luke Wilson,Luke Willson
Thaddeus Lewis,Thad Lewis
Walter Powell,Walt Powell
Wilson VanHooser,Wilson Van Hooser
Steve Hauschka,Steven Hauschka
Daniel Herron,Dan Herron
Robert Housler,Rob Housler
Corey Philly Brown,Philly Brown
Foswhitt Whittaker,Fozzy Whittaker
CJ Anderson,C.J. Anderson
TY Hilton,T.Y. Hilton
Boobie Dixon,Anthony Dixon
EZ Nwachukwu,Uzoma Nwachukwu
Dave Paulson,David Paulson
